Temperature_C,Voltage_V,Current_A,SOC_percent,SOH_percent,Condition
42.5,12.54,2.17,100.0,91.71525369013136,Moderate
36.2,9.4,1.59,0.0,0.0,Poor
20.4,8.85,1.78,0.0,0.0,Poor
28.2,9.42,3.02,0.0,0.0,Poor
44.9,9.97,1.96,0.0,0.0,Poor
41.7,12.21,1.88,88.73961980062228,83.16796013928987,Moderate
42.5,12.08,2.77,78.00696581423492,68.851097976597,Good
36.0,11.69,3.43,62.87845445525189,61.88108769659609,Good
28.5,12.53,2.43,100.0,94.84595654642659,Moderate
37.5,12.64,3.03,100.0,94.04155741618233,Good
24.6,10.08,2.47,0.0,0.0,Moderate
35.1,12.44,3.43,98.67724823459707,91.03248160152756,Good
28.7,9.21,2.6,0.0,0.0,Poor
28.4,9.41,2.24,0.0,0.0,Poor
39.7,9.94,1.5,0.0,0.0,Poor
25.8,12.12,3.43,89.34853545639315,89.2439818360017,Good
34.3,10.43,2.49,0.0,0.0,Moderate
27.9,12.72,2.0,100.0,95.71301958639624,Moderate
37.8,10.9,2.97,23.67292458267712,16.947256997378613,Moderate
29.0,11.33,2.81,44.332832290916365,38.67539454654384,Good
27.7,10.2,2.99,0.0,0.0,Moderate
20.8,9.61,1.76,0.0,0.0,Poor
39.4,11.69,3.77,58.83447838476428,46.125888699046556,Good
26.7,12.41,2.17,100.0,91.58261250838095,Moderate
41.3,10.52,2.63,5.52837066837204,0.0,Moderate
22.8,12.2,3.96,84.21895746344097,83.34366582013399,Good
31.6,10.36,3.04,0.0,0.0,Moderate
31.4,9.71,2.93,0.0,0.0,Poor
40.1,9.43,3.56,0.0,0.0,Poor
38.6,9.02,2.82,0.0,0.0,Poor
29.2,12.33,3.12,93.47547419206855,91.70397290020614,Good
34.4,8.66,2.74,0.0,0.0,Poor
31.7,9.52,3.19,0.0,0.0,Poor
40.3,9.91,3.41,0.0,0.0,Poor
40.8,10.89,3.09,19.503207272406833,7.092572215772306,Moderate
31.0,12.55,3.51,100.0,99.45547813016222,Excellent
34.5,11.13,3.85,36.664559585665415,29.041408610082527,Good
41.0,11.29,2.59,44.80751093422303,40.086113334458375,Good
44.0,9.94,1.98,0.0,0.0,Poor
28.4,12.21,1.64,87.99473607218667,83.30508050357021,Moderate
30.4,11.21,2.07,34.22216318397726,32.50058221819144,Moderate
36.9,10.8,1.5,17.462022084167216,13.640630182144779,Moderate
44.2,12.55,2.0,100.0,92.04537504106737,Moderate
28.1,8.81,2.57,0.0,0.0,Poor
31.7,10.08,1.69,0.0,0.0,Moderate
42.0,8.67,3.01,0.0,0.0,Poor
38.4,9.94,3.97,0.0,0.0,Poor
42.3,11.56,2.86,55.79281661060785,49.630596926401616,Good
27.3,9.58,1.77,0.0,0.0,Poor
39.1,12.54,2.19,100.0,94.410844330559,Moderate
35.0,10.17,3.12,0.0,0.0,Moderate
40.4,12.16,2.06,86.35194528518653,81.13043187854016,Moderate
22.8,11.3,3.81,43.46225999128452,42.79750508692669,Good
42.3,12.71,2.52,100.0,87.69165293980204,Good
40.9,11.13,3.07,30.58712026294825,23.388841341964582,Good
40.3,8.83,1.75,0.0,0.0,Poor
31.9,9.72,3.33,0.0,0.0,Poor
25.1,11.41,3.98,47.19262922617221,37.57976009071095,Good
20.8,11.77,1.75,67.80429891738615,63.05396955575676,Moderate
20.8,10.48,3.08,0.0,0.0,Moderate
39.4,9.85,2.28,0.0,0.0,Poor
32.2,12.71,3.57,100.0,95.42908389557962,Excellent
21.2,11.74,1.83,62.66829474510307,53.335195694228545,Moderate
43.1,11.61,1.78,57.53414997486969,46.522024425842005,Moderate
21.2,9.33,2.44,0.0,0.0,Poor
42.0,10.54,3.77,0.0,0.0,Moderate
39.0,12.49,3.78,100.0,93.12820028908939,Good
44.5,10.42,3.54,0.0,0.0,Moderate
35.4,9.1,3.94,0.0,0.0,Poor
32.3,11.92,1.6,65.59596163310675,63.95371464157584,Moderate
26.2,8.58,3.6,0.0,0.0,Poor
24.7,8.85,3.96,0.0,0.0,Poor
30.0,10.06,3.47,0.0,0.0,Moderate
43.8,12.19,2.93,91.07687218374686,80.8208208066756,Good
24.6,11.47,3.4,51.869504355584176,48.450540403080346,Good
30.9,8.85,3.62,0.0,0.0,Poor
31.1,11.31,3.62,45.10647664591258,43.8262253289615,Good
39.1,8.99,3.89,0.0,0.0,Poor
33.9,11.79,3.43,68.13470434209965,63.28204650929607,Good
32.5,11.64,3.29,59.409071688869005,50.41093193216241,Good
23.3,10.89,3.25,22.368656757333007,22.105841357590275,Moderate
31.5,10.29,2.54,0.0,0.0,Moderate
30.3,11.73,1.65,60.52989848574918,58.70838489585237,Moderate
44.5,12.67,3.76,100.0,84.00675484525297,Good
33.8,8.51,1.6,0.0,0.0,Poor
28.9,12.41,2.27,100.0,91.8033647745977,Moderate
38.3,10.62,1.73,5.106495371164643,0.0,Moderate
42.4,9.16,3.05,0.0,0.0,Poor
20.1,8.87,2.48,0.0,0.0,Poor
28.7,10.19,3.59,0.0,0.0,Moderate
23.0,10.76,2.59,16.275868956745107,15.511187535089427,Moderate
39.5,12.61,3.13,100.0,93.6658779200302,Good
21.1,12.47,2.39,100.0,99.63782502843989,Moderate
25.1,8.74,3.35,0.0,0.0,Poor
44.4,11.54,2.7,49.182682761856775,34.77467307465042,Good
20.2,11.75,3.29,63.80265343164475,55.06897581998003,Good
34.1,10.11,1.99,0.0,0.0,Moderate
31.1,8.54,2.79,0.0,0.0,Poor
23.3,11.93,3.74,75.3476950161787,65.50819814023949,Good
41.6,10.7,2.94,8.49612971591944,1.8336022129538625,Moderate
44.9,12.31,3.95,97.83179240224595,82.74184400863021,Good
33.9,11.24,2.0,37.75305398318594,34.209433462848956,Moderate
20.5,12.52,3.18,100.0,96.65240136791682,Excellent
38.8,10.42,2.05,0.0,0.0,Moderate
35.3,9.66,3.88,0.0,0.0,Poor
44.6,9.08,3.33,0.0,0.0,Poor
40.5,9.85,2.47,0.0,0.0,Poor
30.7,9.41,1.51,0.0,0.0,Poor
31.1,12.05,2.62,81.30472713998961,76.08361984556802,Good
44.5,10.71,2.96,10.104506248089729,2.8791125279433905,Moderate
35.0,11.18,1.85,34.46036842710362,34.20125920184392,Moderate
29.3,11.5,2.72,46.92112447998685,42.2767663285771,Good
40.0,11.22,3.86,36.22835388134695,23.996537982964167,Good
37.6,10.21,1.56,0.0,0.0,Moderate
21.6,8.91,2.72,0.0,0.0,Poor
27.0,8.76,3.49,0.0,0.0,Poor
28.5,11.87,3.12,71.8670410441163,63.35072238093158,Good
31.8,9.64,2.06,0.0,0.0,Poor
27.3,11.46,2.54,56.92664701675291,55.820617509425034,Good
37.0,11.37,3.67,48.46599271718305,44.33279399338804,Good
24.1,11.4,3.11,40.6292819336941,32.39714003994864,Good
30.2,10.71,3.18,9.226128353752017,2.340112169911513,Moderate
42.4,11.14,2.07,31.242324640625583,17.548189465940247,Moderate
34.1,11.7,2.89,64.05188573765406,61.34556002148561,Good
34.1,10.43,3.64,0.0,0.0,Moderate
31.8,12.28,2.91,91.6410240843741,81.67959868179629,Good
32.9,9.5,2.66,0.0,0.0,Poor
27.9,12.62,3.04,100.0,90.78152425239156,Excellent
30.1,10.75,3.85,9.408134594237298,8.947028711780478,Moderate
22.2,10.42,2.97,0.0,0.0,Moderate
37.1,9.19,3.61,0.0,0.0,Poor
34.8,11.67,2.59,61.83198180605391,55.29539937544894,Good
43.6,10.35,3.78,0.0,0.0,Moderate
28.2,9.01,3.49,0.0,0.0,Poor
20.4,11.25,2.55,34.68408311287475,28.328801119008794,Good
39.5,12.19,1.71,88.21015551122369,80.88419870379552,Moderate
39.0,12.16,3.24,86.12777721949276,79.59833951749121,Good
36.6,11.36,2.38,45.80534189730504,41.763169231132025,Moderate
43.2,12.72,1.58,100.0,86.38031462884811,Moderate
22.6,12.03,2.98,81.32119685299047,79.74186390254455,Good
37.2,11.06,2.36,28.91033545041484,17.631272323024692,Moderate
36.1,12.23,3.31,95.50328177977097,86.9708832142107,Good
26.8,8.77,2.39,0.0,0.0,Poor
24.0,12.14,2.47,83.97130872078003,83.65702523814848,Moderate
22.2,12.77,3.98,100.0,90.09518803048901,Excellent
29.3,8.54,2.35,0.0,0.0,Poor
41.4,10.25,3.06,0.0,0.0,Moderate
39.2,9.64,3.72,0.0,0.0,Poor
41.7,8.77,2.09,0.0,0.0,Poor
20.5,9.3,3.49,0.0,0.0,Poor
35.6,8.55,3.64,0.0,0.0,Poor
39.0,11.92,1.88,75.82891587990677,71.98441636300305,Moderate
21.7,8.88,3.21,0.0,0.0,Poor
29.9,9.33,1.74,0.0,0.0,Poor
26.3,10.59,2.86,4.190651431881573,0.0,Moderate
25.5,9.7,3.58,0.0,0.0,Poor
20.3,8.86,2.38,0.0,0.0,Poor
22.6,8.71,3.86,0.0,0.0,Poor
26.6,10.69,1.61,11.32801695362457,10.299027222660195,Moderate
30.6,11.88,2.6,74.03189455724535,64.24179983075943,Good
24.8,11.23,3.61,39.63954345017106,30.41219431750531,Good
42.6,9.57,2.06,0.0,0.0,Poor
36.5,9.51,3.47,0.0,0.0,Poor
27.8,8.75,1.72,0.0,0.0,Poor
23.6,10.59,3.07,4.646789861688679,0.8281535021374378,Moderate
40.7,10.09,3.09,0.0,0.0,Moderate
31.1,12.24,2.36,93.22718631372763,84.0419166939744,Moderate
39.2,10.73,3.05,10.88829700506777,0.0,Moderate
44.4,10.73,2.2,9.377381100723191,0.8240745398306268,Moderate
33.0,10.69,2.96,5.449755053828294,0.0,Moderate
36.1,9.44,3.63,0.0,0.0,Poor
21.7,9.05,3.67,0.0,0.0,Poor
40.8,9.54,2.78,0.0,0.0,Poor
34.0,12.34,2.77,92.94814558863015,86.2154451908292,Good
37.0,12.7,2.35,100.0,97.54711680166463,Moderate
41.2,12.71,2.71,100.0,90.86880221001812,Good
29.9,8.84,1.56,0.0,0.0,Poor
28.7,10.0,3.42,0.0,0.0,Poor
29.7,10.47,2.15,2.355106914641979,0.5367413199055306,Moderate
39.3,12.57,1.98,100.0,91.93428360180809,Moderate
34.9,9.58,1.55,0.0,0.0,Poor
44.2,9.86,3.89,0.0,0.0,Poor
25.8,12.59,2.5,100.0,93.44582949063204,Good
40.8,9.34,1.83,0.0,0.0,Poor
26.6,11.03,2.8,24.42042668564657,21.076052175996047,Good
34.6,9.07,3.53,0.0,0.0,Poor
28.7,10.29,1.88,0.0,0.0,Moderate
27.5,9.16,1.78,0.0,0.0,Poor
44.1,9.84,2.82,0.0,0.0,Poor
44.3,11.43,1.5,48.12881306583889,36.033598752928455,Moderate
43.0,12.5,2.87,100.0,90.91170288703879,Good
27.7,10.71,2.9,11.852469265449491,11.478494560791747,Moderate
33.0,11.47,1.99,50.794576126302964,46.60188865675713,Moderate
25.1,12.3,3.17,89.64925183736045,89.25146998747704,Good
32.2,12.0,3.87,76.3228191114427,67.38181108880514,Good
44.8,11.12,3.96,28.845793263902436,12.409961070149448,Good
28.8,12.45,1.78,99.65518255822616,95.20343587729276,Moderate
22.9,9.37,3.76,0.0,0.0,Poor
44.3,9.08,3.47,0.0,0.0,Poor
23.4,11.13,2.96,35.96906058192825,26.75245431525668,Good
42.0,12.69,3.32,100.0,86.43255854876072,Good
42.5,10.92,2.15,23.475361970429695,14.768785414472415,Moderate
33.4,11.29,3.54,42.20964924631909,38.13770163397716,Good
45.0,11.1,2.4,35.837322891365616,22.377435754017988,Moderate
43.9,12.19,3.66,93.35295383226001,80.38043956109614,Good
32.5,8.99,2.4,0.0,0.0,Poor
27.0,8.69,2.9,0.0,0.0,Poor
31.9,10.84,2.76,15.48558721834222,11.80839563050511,Moderate
29.2,9.86,2.63,0.0,0.0,Poor
32.1,9.62,3.26,0.0,0.0,Poor
39.5,11.67,2.95,60.700481066997014,55.20694753802182,Good
26.0,11.23,2.53,34.12163262745635,29.15404793067438,Good
26.1,11.3,3.31,40.21578248488422,34.60663161676017,Good
41.7,8.58,3.95,0.0,0.0,Poor
25.8,10.95,3.35,31.927178228311007,28.495465183752184,Moderate
44.8,12.75,3.43,100.0,87.99935849783196,Good
42.6,11.88,3.75,73.78034805126109,66.83845452283936,Good
39.4,10.68,3.77,3.829524303248655,0.6436628656870922,Moderate
39.5,10.84,3.37,24.40393868327515,18.82432649432812,Moderate
23.8,8.81,3.27,0.0,0.0,Poor
22.8,9.5,3.26,0.0,0.0,Poor
31.1,9.61,3.67,0.0,0.0,Poor
30.1,8.52,1.91,0.0,0.0,Poor
41.8,10.29,1.51,0.0,0.0,Moderate
24.2,9.62,2.69,0.0,0.0,Poor
30.4,11.38,3.87,42.070002660130804,41.994061473118386,Good
31.5,11.43,2.4,49.784785854877015,40.46864009185491,Moderate
30.5,10.43,2.84,0.0,0.0,Moderate
21.1,10.94,3.42,27.11776963849333,23.26453815826624,Moderate
23.3,12.04,2.23,75.43599518962485,70.06245136766027,Moderate
40.2,11.23,1.72,37.064732759707205,28.803130342673413,Moderate
38.4,10.8,1.82,14.059868349560178,2.154783324999224,Moderate
38.9,12.41,3.43,100.0,88.73903045393931,Good
37.5,12.01,1.78,78.94579897849349,73.82849337200749,Moderate
22.8,9.1,2.24,0.0,0.0,Poor
40.9,12.39,2.68,100.0,91.07421153642206,Good
31.9,11.18,3.5,42.61324270370223,37.21773681134058,Good
24.0,12.12,2.84,86.36874601128171,76.71618515164673,Good
36.9,11.09,3.3,30.879919043949855,29.233528500029024,Good
39.9,9.92,3.72,0.0,0.0,Poor
23.0,12.25,2.49,90.56216101016484,88.59157581734114,Moderate
33.7,11.25,3.03,41.07364075984349,31.243182686176876,Good
23.2,12.21,2.92,90.43074021044974,87.45669440707451,Good
38.6,10.71,2.24,10.680707588213087,3.2872867000838,Moderate
23.9,10.13,2.85,0.0,0.0,Moderate
41.3,12.3,2.43,92.9524413622681,86.12594848252868,Moderate
25.2,9.12,3.54,0.0,0.0,Poor
33.7,8.99,1.91,0.0,0.0,Poor
29.3,9.01,2.99,0.0,0.0,Poor
44.8,12.58,2.39,100.0,88.03697752344576,Moderate
21.8,11.01,3.04,23.387649647834152,18.115678177759484,Good
43.4,11.7,2.12,62.31603346517003,48.31828332542827,Moderate
22.8,12.24,3.04,89.33146178382229,88.06135658771397,Good
44.7,12.69,2.22,100.0,83.32531643596145,Moderate
42.2,10.46,1.79,0.0,0.0,Moderate
43.5,10.71,1.65,13.519938595129604,0.0,Moderate
42.4,10.76,2.79,11.572251430063641,2.9518294637619595,Moderate
32.9,8.73,3.48,0.0,0.0,Poor
21.7,11.41,3.96,50.318801461468965,48.07223886367329,Good
29.3,11.47,3.93,49.697699524527046,45.04457057135171,Good
43.6,12.42,2.44,99.66499910336181,83.68656201453226,Moderate
40.0,9.85,3.99,0.0,0.0,Poor
41.3,11.17,1.83,32.52579789178135,19.448141289299585,Moderate
29.2,11.74,2.39,61.79065602108697,53.83746078072866,Moderate
39.7,12.56,1.7,100.0,86.92960020373569,Moderate
36.1,9.14,1.53,0.0,0.0,Poor
30.1,11.28,3.64,42.30343454955596,36.37376071871544,Good
40.0,11.51,3.21,51.14023580688963,42.67600026346558,Good
36.4,11.5,3.76,53.198240919289454,48.47202031187316,Good
33.6,8.52,3.55,0.0,0.0,Poor
33.3,10.57,2.43,1.0446563732124465,0.8036191746675121,Moderate
26.3,9.63,3.52,0.0,0.0,Poor
31.2,11.21,3.87,31.89351963643626,27.8715180440912,Good
22.7,9.27,2.26,0.0,0.0,Poor
25.0,11.32,2.49,40.84915162887427,38.91609983065276,Moderate
26.4,10.09,2.68,0.0,0.0,Moderate
37.6,10.44,2.75,0.0,0.0,Moderate
39.8,10.16,3.46,0.0,0.0,Moderate
31.4,9.4,2.04,0.0,0.0,Poor
21.3,11.05,2.73,28.90747512286716,22.829474330400494,Good
39.1,9.62,2.65,0.0,0.0,Poor
42.7,9.83,2.33,0.0,0.0,Poor
31.8,8.67,1.74,0.0,0.0,Poor
20.7,11.18,3.58,34.505052548746605,30.379944471204002,Good
40.1,9.36,3.12,0.0,0.0,Poor
40.7,11.94,3.21,74.4881352103244,67.00910215001737,Good
42.8,8.94,3.75,0.0,0.0,Poor
37.4,12.02,3.13,82.4523560912968,80.34689120011944,Good
30.3,9.11,3.28,0.0,0.0,Poor
25.1,11.44,3.4,50.595416054503566,48.74102990106435,Good
36.1,10.72,2.63,13.19811606320526,4.177201711822802,Moderate
41.3,11.13,1.74,33.2599362350148,23.487129871863075,Moderate
36.5,10.45,1.99,0.0,0.0,Moderate
29.4,11.33,2.01,41.14237118080106,36.02109647685902,Moderate
35.8,11.94,2.99,73.74974307846395,67.81886951999391,Good
42.2,11.13,1.52,32.836488528774815,23.49716566396484,Moderate
22.0,11.82,1.53,69.39510365681886,65.0021868041685,Moderate
36.8,11.95,2.12,74.17267645092825,72.65094084969766,Moderate
34.2,11.86,3.49,71.43848232475017,70.00532243551105,Good
20.2,8.83,1.51,0.0,0.0,Poor
43.7,9.38,3.39,0.0,0.0,Poor
35.9,10.39,3.41,0.0,0.0,Moderate
27.6,9.8,2.72,0.0,0.0,Poor
39.8,9.35,2.35,0.0,0.0,Poor
31.7,8.79,3.98,0.0,0.0,Poor
26.1,10.84,3.37,18.92558636136924,16.039436766488123,Moderate
33.0,10.75,3.41,13.700089535303169,6.525339528482403,Moderate
27.1,11.07,1.81,27.78060211221764,19.98408195151335,Moderate
25.3,12.31,1.6,91.52930509834793,87.4677151878307,Moderate
23.1,9.41,3.24,0.0,0.0,Poor
21.6,12.5,3.09,100.0,92.2905053937578,Excellent
42.4,10.01,3.39,0.0,0.0,Moderate
31.2,8.99,3.48,0.0,0.0,Poor
35.4,12.78,3.17,100.0,95.46313000091595,Good
24.6,11.51,1.66,55.62839804848399,52.1730441183456,Moderate
39.1,10.9,3.66,24.177340243792575,13.44815748795158,Moderate
26.2,8.81,3.13,0.0,0.0,Poor
35.2,11.04,1.9,26.872778323009396,16.999010956335024,Moderate
40.1,11.42,1.91,46.61981890861208,42.15500100163942,Moderate
29.2,10.07,2.9,0.0,0.0,Moderate
29.8,9.54,2.29,0.0,0.0,Poor
23.2,8.72,3.07,0.0,0.0,Poor
20.7,8.92,2.01,0.0,0.0,Poor
35.7,12.17,3.41,88.14791063564685,78.9664877188488,Good
24.5,12.38,2.99,93.00509022491812,91.14453203375663,Good
38.0,11.94,2.04,80.65168637022364,70.34105965250886,Moderate
38.7,10.9,3.87,17.7880135964183,11.907584863277137,Moderate
32.5,10.54,2.99,5.223386859556225,0.0,Moderate
37.1,9.72,1.55,0.0,0.0,Poor
44.1,10.73,2.08,11.690255513959983,2.036597074671807,Moderate
29.7,9.98,2.95,0.0,0.0,Poor
38.2,10.93,3.8,25.834169272393606,15.122142390656595,Moderate
41.6,11.27,3.32,44.69225967714689,30.38944045112613,Good
23.4,10.99,2.88,26.21720277875435,21.28931346240029,Moderate
31.6,10.45,2.36,0.0,0.0,Moderate
25.2,11.92,1.7,73.59975308112186,64.61717046874591,Moderate
36.7,9.34,2.04,0.0,0.0,Poor
31.8,9.69,3.45,0.0,0.0,Poor
21.0,8.92,2.33,0.0,0.0,Poor
39.7,11.02,3.57,26.17053332920261,15.711131509246332,Good
22.4,10.28,3.04,0.0,0.0,Moderate
44.2,11.38,3.22,45.903861642782914,29.897913505821958,Good
31.5,11.27,1.89,39.18704779529765,37.85493929032109,Moderate
40.4,12.48,2.38,99.00129551304917,92.48107406896716,Moderate
40.3,9.84,3.58,0.0,0.0,Poor
28.7,10.99,2.93,23.46003870409774,20.9559276532159,Moderate
38.8,11.61,3.05,59.73341173389126,47.868677090178075,Good
22.2,11.81,2.37,71.53784398555743,61.87214785771971,Moderate
38.4,11.11,2.76,30.8788475545695,24.654620752998074,Good
39.5,10.37,3.16,0.0,0.0,Moderate
26.2,11.1,2.9,33.36940174195011,27.997147186978488,Good
33.2,12.07,3.61,90.22660530093779,87.93726976239054,Good
34.0,12.45,1.76,100.0,90.75152579149021,Moderate
33.3,10.61,3.0,6.499764342880587,0.6528843073744479,Moderate
34.7,11.42,1.85,49.986053149163055,47.13170390758928,Moderate
30.3,11.67,2.2,64.57511262272354,61.664793527244214,Moderate
39.9,10.02,2.41,0.0,0.0,Moderate
34.0,10.22,2.45,0.0,0.0,Moderate
34.1,10.82,3.33,13.743903460200434,6.444884274378833,Moderate
21.5,12.33,2.97,100.0,96.28158291938978,Good
42.9,10.27,3.83,0.0,0.0,Moderate
21.4,9.75,1.94,0.0,0.0,Poor
44.7,12.4,1.62,100.0,84.65639012228142,Moderate
43.9,12.58,2.45,100.0,93.7351211534555,Moderate
33.3,11.15,3.52,30.754896950691283,30.388423995559666,Good
24.3,9.53,3.3,0.0,0.0,Poor
38.0,8.87,1.6,0.0,0.0,Poor
35.8,10.3,3.25,0.0,0.0,Moderate
23.1,10.16,1.52,0.0,0.0,Moderate
24.2,12.79,1.76,100.0,96.1467652781882,Moderate
34.5,12.4,2.97,97.62676311921506,93.51993388838177,Good
29.0,8.86,2.12,0.0,0.0,Poor
33.5,11.18,3.09,33.90724419021377,24.995945476752226,Good
23.1,9.91,1.6,0.0,0.0,Poor
20.7,12.74,1.55,100.0,94.73259736166149,Moderate
23.1,11.5,3.68,45.82428660594117,40.59989806235642,Good
38.8,9.25,2.69,0.0,0.0,Poor
43.0,11.1,3.05,31.519287405592816,19.711756061301614,Good
42.0,10.41,3.74,0.0,0.0,Moderate
31.3,8.51,3.69,0.0,0.0,Poor
43.1,11.03,2.62,28.493504078119994,18.69260259802597,Good
28.8,8.73,1.99,0.0,0.0,Poor
21.0,12.38,3.05,96.39385293705143,86.87077940045431,Good
30.9,8.75,3.66,0.0,0.0,Poor
22.6,12.07,3.79,78.36988203334325,69.6421374615362,Good
38.2,10.36,2.02,0.0,0.0,Moderate
44.5,9.48,3.45,0.0,0.0,Poor
32.7,12.3,1.74,98.81587130573446,90.78529822853557,Moderate
20.3,9.88,3.77,0.0,0.0,Poor
36.6,10.04,3.0,0.0,0.0,Moderate
32.2,8.86,3.34,0.0,0.0,Poor
41.2,10.63,2.18,8.583577724620636,1.4575333521804543,Moderate
44.5,9.57,1.99,0.0,0.0,Poor
31.2,12.2,2.83,90.37587974373821,85.45396910096612,Good
33.2,11.49,3.57,52.134903735955994,45.03611060629838,Good
25.0,11.21,2.57,40.269062798834334,31.604026036128772,Good
28.3,9.32,3.69,0.0,0.0,Poor
42.9,9.3,2.16,0.0,0.0,Poor
43.6,11.96,3.8,72.52314788947317,62.79969504949046,Good
36.2,10.0,3.46,0.0,0.0,Poor
41.7,12.42,2.41,96.174933618386,82.15641800611505,Moderate
25.4,11.56,2.39,58.95613722957916,58.13298656802451,Moderate
34.2,11.64,3.58,60.77902382078017,51.2753588599485,Good
36.0,8.63,2.11,0.0,0.0,Poor
34.2,11.17,2.22,37.76228888241234,28.44488834661115,Moderate
38.4,8.62,2.56,0.0,0.0,Poor
32.8,11.93,2.61,71.54140962083892,61.582612566178454,Good
36.6,11.94,2.75,76.37099268157544,69.55053335156222,Good
43.7,11.89,3.0,66.90876814776027,57.15735760954153,Good
32.9,12.42,3.61,99.71926746098724,96.37057736032794,Excellent
25.8,9.65,1.66,0.0,0.0,Poor
39.3,11.41,2.41,44.530490598982006,39.11101696883546,Moderate
23.7,9.07,3.71,0.0,0.0,Poor
35.3,10.11,1.96,0.0,0.0,Moderate
40.6,10.43,2.71,0.0,0.0,Moderate
40.5,11.74,3.9,65.43730479238022,58.38885062161215,Good
43.4,8.73,2.1,0.0,0.0,Poor
36.7,12.71,3.7,100.0,89.81050166030218,Good
42.1,10.52,2.06,0.4278145479490809,0.0,Moderate
28.6,12.55,1.72,100.0,95.03636996431447,Moderate
27.8,12.7,3.48,100.0,99.92050199782098,Excellent
40.9,12.42,3.1,100.0,94.13371550222143,Good
24.0,9.18,2.1,0.0,0.0,Poor
33.9,9.1,2.84,0.0,0.0,Poor
32.4,12.71,3.28,100.0,99.97455128156861,Excellent
30.9,9.45,1.89,0.0,0.0,Poor
40.3,11.71,2.56,65.17306025782855,52.023995607257916,Good
20.3,10.52,1.67,0.0,0.0,Moderate
25.9,10.35,2.02,0.0,0.0,Moderate
20.2,11.68,2.14,57.83072016625809,49.47608816534624,Moderate
29.6,11.49,3.36,54.429342735275696,50.634342168841876,Good
26.7,12.47,2.18,100.0,98.11408830062808,Moderate
33.9,12.04,1.66,82.17023406267948,79.28408538457684,Moderate
26.4,8.81,1.6,0.0,0.0,Poor
34.3,9.79,1.85,0.0,0.0,Poor
22.0,9.02,1.78,0.0,0.0,Poor
25.8,10.94,3.76,19.124986351108838,9.260890049108589,Moderate
34.8,9.94,3.9,0.0,0.0,Poor
42.1,10.91,1.79,21.45955307103887,14.160784480580757,Moderate
33.9,9.47,3.72,0.0,0.0,Poor
32.7,10.27,3.32,0.0,0.0,Moderate
43.7,12.79,1.58,100.0,88.37424233606617,Moderate
31.7,11.18,1.76,34.72876089610832,28.297775313652643,Moderate
35.6,11.6,1.75,61.75753779762029,57.12348768116616,Moderate
25.3,11.54,3.57,53.59913988881023,46.31671823859852,Good
27.3,9.52,3.78,0.0,0.0,Poor
22.1,8.89,2.26,0.0,0.0,Poor
29.9,10.33,2.42,0.0,0.0,Moderate
33.4,12.7,3.06,100.0,94.88710546339576,Excellent
43.8,9.11,3.68,0.0,0.0,Poor
25.8,11.86,1.69,70.49453736826108,64.60113150593952,Moderate
38.3,11.69,3.56,61.15143864829538,51.061305712810466,Good
38.3,11.39,1.51,40.41713768323491,36.85171282703521,Moderate
20.3,9.75,2.1,0.0,0.0,Poor
20.6,12.06,2.55,83.68884144083552,80.12357308996253,Good
21.4,9.53,3.83,0.0,0.0,Poor
43.2,9.99,3.92,0.0,0.0,Poor
29.0,8.81,3.89,0.0,0.0,Poor
20.1,9.95,3.47,0.0,0.0,Poor
38.8,10.07,1.88,0.0,0.0,Moderate
41.3,11.03,3.35,28.148780467257204,14.84932863484272,Good
26.8,11.83,3.67,65.94925777066844,64.49200893187272,Good
27.9,12.38,2.22,100.0,98.4254038391137,Moderate
38.2,11.83,2.95,73.24196309892731,63.641165029797925,Good
27.8,10.34,3.11,0.0,0.0,Moderate
27.7,12.39,3.36,100.0,91.55142634404514,Good
38.6,9.08,2.96,0.0,0.0,Poor
26.7,11.72,2.17,64.39397733312524,59.00700027805215,Moderate
45.0,9.82,2.9,0.0,0.0,Poor
35.1,12.31,3.66,92.44379284422554,82.97752953073044,Good
40.9,9.04,2.59,0.0,0.0,Poor
22.4,10.96,3.87,27.193481479985074,18.766832424592504,Moderate
43.8,10.82,2.56,15.644596050641661,5.039602692672992,Moderate
43.8,11.94,2.97,70.77473209641232,57.43375632707601,Good
24.6,9.74,2.88,0.0,0.0,Poor
32.1,10.45,1.98,0.0,0.0,Moderate
35.3,10.57,2.25,3.364939042405965,0.07145172528305441,Moderate
36.1,11.47,3.28,47.77538372907679,38.77842251865193,Good
41.9,11.91,1.89,72.56283375660634,65.39893695703616,Moderate
38.2,8.9,3.32,0.0,0.0,Poor
22.3,10.77,3.21,14.811563797003675,12.691200746407283,Moderate
21.0,11.72,1.73,65.71491696763056,61.050108092020324,Moderate
40.2,9.34,2.02,0.0,0.0,Poor
39.9,10.55,3.64,6.95872070444745,0.0,Moderate
44.7,12.43,2.75,94.75611466370216,86.84557916008104,Good
30.9,11.76,3.28,63.200786205290335,59.027286264896844,Good
34.2,10.97,2.52,30.28809502777335,23.215301355154466,Moderate
31.7,10.75,3.31,12.723500870828504,5.558262224905098,Moderate
38.4,11.5,1.52,49.1984008998195,44.220633214577134,Moderate
30.8,11.81,3.6,69.45462433335611,67.7601666354645,Good
21.9,12.58,1.78,100.0,91.65179379876353,Moderate
23.5,10.48,3.56,0.992173685742072,0.0,Moderate
44.3,12.46,1.82,97.42679608206097,89.37754339236005,Moderate
35.7,11.42,3.14,49.4832565993928,40.83276190855888,Good
38.1,10.72,1.57,12.738173288947388,3.5174670618242407,Moderate
33.9,12.35,3.4,92.93651018076056,89.72726463585947,Good
41.1,9.56,2.41,0.0,0.0,Poor
20.0,10.37,3.93,0.0,0.0,Moderate
43.9,9.71,2.89,0.0,0.0,Poor
38.8,12.0,3.04,80.36623529058451,71.11028063938666,Good
